time,open,high,low,close
2026-06-28 22:00:00+00:00,4089.8,4092.4,4067.1,4080.8
2026-06-28 23:00:00+00:00,4080.2,4084.8,4065.9,4076.7
2026-06-29 00:00:00+00:00,4076.3,4088.7,4062.6,4083.9
2026-06-29 01:00:00+00:00,4083.7,4088.6,4068.0,4075.8
2026-06-29 02:00:00+00:00,4075.4,4086.5,4073.2,4080.8
2026-06-29 03:00:00+00:00,4081.1,4090.4,4079.9,4083.2
2026-06-29 04:00:00+00:00,4082.8,4083.2,4063.5,4065.7
2026-06-29 05:00:00+00:00,4065.5,4071.7,4053.8,4069.0
2026-06-29 06:00:00+00:00,4068.6,4079.6,4068.1,4077.0
2026-06-29 07:00:00+00:00,4077.5,4083.2,4070.7,4076.3
2026-06-29 08:00:00+00:00,4075.7,4081.0,4057.5,4060.9
2026-06-29 09:00:00+00:00,4061.3,4069.4,4038.1,4045.8
2026-06-29 10:00:00+00:00,4046.5,4053.9,4041.5,4051.1
2026-06-29 11:00:00+00:00,4051.7,4056.7,4041.5,4053.3
2026-06-29 12:00:00+00:00,4053.5,4067.0,4051.8,4057.8
2026-06-29 13:00:00+00:00,4057.8,4066.2,4042.2,4046.4
2026-06-29 14:00:00+00:00,4046.6,4049.6,4012.0,4039.5
2026-06-29 15:00:00+00:00,4039.9,4045.0,4030.5,4041.5
2026-06-29 16:00:00+00:00,4041.5,4043.3,4033.0,4038.4
2026-06-29 17:00:00+00:00,4038.5,4046.7,4033.8,4035.3
2026-06-29 18:00:00+00:00,4035.7,4040.0,4026.1,4027.8
2026-06-29 19:00:00+00:00,4027.7,4034.4,4019.2,4030.4
2026-06-29 20:00:00+00:00,4030.6,4032.5,4027.2,4030.5
2026-06-29 22:00:00+00:00,4032.5,4036.5,4023.5,4028.4
2026-06-29 23:00:00+00:00,4029.0,4036.7,4027.4,4029.4
2026-06-30 00:00:00+00:00,4028.6,4028.9,3992.6,4001.3
2026-06-30 01:00:00+00:00,4000.5,4000.8,3955.4,3982.7
2026-06-30 02:00:00+00:00,3982.4,3986.8,3965.5,3975.8
2026-06-30 03:00:00+00:00,3976.1,3984.2,3973.1,3983.8
2026-06-30 04:00:00+00:00,3982.5,4011.6,3981.3,3999.2
2026-06-30 05:00:00+00:00,3999.7,4004.3,3988.6,3991.1
2026-06-30 06:00:00+00:00,3991.5,4047.8,3991.5,4043.5
2026-06-30 07:00:00+00:00,4043.7,4048.7,4037.5,4046.3
2026-06-30 08:00:00+00:00,4046.4,4051.8,4027.2,4029.0
2026-06-30 09:00:00+00:00,4029.0,4038.0,4025.9,4038.0
2026-06-30 10:00:00+00:00,4038.1,4045.5,4035.5,4043.9
2026-06-30 11:00:00+00:00,4043.9,4051.4,4039.3,4047.5
2026-06-30 12:00:00+00:00,4048.0,4048.2,4022.1,4023.9
2026-06-30 13:00:00+00:00,4023.7,4047.5,4022.9,4043.9
2026-06-30 14:00:00+00:00,4044.4,4078.1,4039.5,4052.0
2026-06-30 15:00:00+00:00,4052.1,4054.3,4036.4,4044.2
2026-06-30 16:00:00+00:00,4043.8,4048.5,4040.1,4040.3
2026-06-30 17:00:00+00:00,4040.8,4047.1,4034.9,4045.5
2026-06-30 18:00:00+00:00,4045.9,4048.7,4042.8,4043.6
2026-06-30 19:00:00+00:00,4043.0,4044.2,4029.1,4030.2
2026-06-30 20:00:00+00:00,4030.2,4036.0,4020.6,4021.8
2026-06-30 22:00:00+00:00,4025.0,4032.0,4022.1,4026.4
2026-06-30 23:00:00+00:00,4026.5,4031.8,4018.0,4018.9
2026-07-01 00:00:00+00:00,4018.9,4022.7,4006.0,4010.2
2026-07-01 01:00:00+00:00,4010.5,4013.2,3986.7,3990.8
2026-07-01 02:00:00+00:00,3990.4,3999.0,3983.0,3991.9
2026-07-01 03:00:00+00:00,3991.8,3999.9,3989.1,3992.9
2026-07-01 04:00:00+00:00,3993.4,3995.4,3985.3,3989.2
2026-07-01 05:00:00+00:00,3989.1,3992.0,3982.3,3986.6
2026-07-01 06:00:00+00:00,3986.6,3990.3,3975.9,3985.0
2026-07-01 07:00:00+00:00,3985.0,3991.0,3973.0,3988.7
2026-07-01 08:00:00+00:00,3988.8,3997.7,3982.5,3987.7
2026-07-01 09:00:00+00:00,3987.2,3999.3,3985.9,3997.9
2026-07-01 10:00:00+00:00,3997.8,4012.0,3994.6,4011.9
2026-07-01 11:00:00+00:00,4011.5,4049.4,4011.3,4044.0
2026-07-01 12:00:00+00:00,4044.5,4047.8,4033.2,4036.8
2026-07-01 13:00:00+00:00,4036.8,4122.6,4026.6,4104.2
2026-07-01 14:00:00+00:00,4104.8,4131.0,4096.9,4107.9
2026-07-01 15:00:00+00:00,4108.0,4108.8,4090.8,4095.1
2026-07-01 16:00:00+00:00,4095.5,4102.9,4084.0,4085.0
2026-07-01 17:00:00+00:00,4084.9,4087.6,4081.0,4082.2
2026-07-01 18:00:00+00:00,4082.3,4084.7,4071.3,4076.0
2026-07-01 19:00:00+00:00,4075.5,4082.2,4048.4,4052.3
2026-07-01 20:00:00+00:00,4052.2,4053.6,4042.1,4044.6
2026-07-01 22:00:00+00:00,4049.2,4057.2,4045.1,4057.2
2026-07-01 23:00:00+00:00,4056.8,4057.1,4045.5,4047.4
2026-07-02 00:00:00+00:00,4047.1,4065.0,4042.8,4063.5
2026-07-02 01:00:00+00:00,4063.5,4080.5,4057.0,4062.4
2026-07-02 02:00:00+00:00,4062.6,4073.2,4053.3,4069.2
2026-07-02 03:00:00+00:00,4069.4,4086.3,4067.7,4082.3
2026-07-02 04:00:00+00:00,4082.1,4085.0,4072.7,4073.2
2026-07-02 05:00:00+00:00,4073.1,4079.8,4065.2,4078.2
2026-07-02 06:00:00+00:00,4078.3,4092.5,4077.9,4086.2
2026-07-02 07:00:00+00:00,4086.0,4088.2,4073.4,4076.6
2026-07-02 08:00:00+00:00,4076.5,4092.6,4073.6,4089.1
2026-07-02 09:00:00+00:00,4088.4,4089.5,4075.7,4077.6
2026-07-02 10:00:00+00:00,4077.9,4081.6,4074.2,4078.6
2026-07-02 11:00:00+00:00,4079.1,4084.5,4069.7,4077.5
2026-07-02 12:00:00+00:00,4077.3,4154.2,4073.4,4130.5
2026-07-02 13:00:00+00:00,4130.8,4157.1,4121.7,4149.8
2026-07-02 14:00:00+00:00,4149.6,4151.6,4127.0,4141.9
2026-07-02 15:00:00+00:00,4141.9,4144.7,4127.8,4141.4
2026-07-02 16:00:00+00:00,4141.7,4143.2,4113.0,4131.2
2026-07-02 17:00:00+00:00,4131.1,4133.3,4118.5,4119.5
2026-07-02 18:00:00+00:00,4119.7,4140.6,4118.6,4135.9
2026-07-02 19:00:00+00:00,4136.2,4137.5,4121.3,4134.0
2026-07-02 20:00:00+00:00,4134.2,4138.3,4129.4,4135.5
2026-07-02 22:00:00+00:00,4138.0,4141.1,4135.1,4137.1
2026-07-02 23:00:00+00:00,4137.2,4149.1,4133.8,4139.2
2026-07-03 00:00:00+00:00,4139.0,4164.0,4135.9,4160.0
2026-07-03 01:00:00+00:00,4159.8,4208.3,4159.5,4194.9
2026-07-03 02:00:00+00:00,4194.5,4199.9,4189.3,4196.8
2026-07-03 03:00:00+00:00,4196.8,4197.5,4188.4,4188.5
2026-07-05 22:00:00+00:00,4187.5,4203.5,4184.4,4200.1
2026-07-05 23:00:00+00:00,4200.6,4214.1,4187.3,4195.2
2026-07-06 00:00:00+00:00,4195.8,4200.7,4182.4,4191.6
2026-07-06 01:00:00+00:00,4190.5,4215.5,4184.3,4198.1
2026-07-06 02:00:00+00:00,4198.5,4200.1,4180.3,4185.5
2026-07-06 03:00:00+00:00,4185.9,4187.9,4172.7,4177.0
2026-07-06 04:00:00+00:00,4177.0,4187.3,4169.2,4171.5
2026-07-06 05:00:00+00:00,4171.2,4187.3,4156.4,4159.7
2026-07-06 06:00:00+00:00,4159.5,4187.3,4156.8,4161.9
2026-07-06 07:00:00+00:00,4162.0,4187.3,4158.7,4175.7
2026-07-06 08:00:00+00:00,4176.4,4187.3,4158.1,4161.8
2026-07-06 09:00:00+00:00,4161.6,4187.3,4148.4,4155.5
2026-07-06 10:00:00+00:00,4155.5,4187.3,4154.6,4167.4
2026-07-06 11:00:00+00:00,4167.3,4187.3,4163.9,4167.4
2026-07-06 12:00:00+00:00,4167.4,4187.3,4143.3,4151.4
2026-07-06 13:00:00+00:00,4151.9,4187.3,4147.1,4153.0
2026-07-06 14:00:00+00:00,4152.5,4187.3,4140.6,4150.2
2026-07-06 15:00:00+00:00,4150.6,4187.3,4149.8,4159.9
2026-07-06 16:00:00+00:00,4160.1,4187.3,4152.0,4166.9
2026-07-06 17:00:00+00:00,4166.9,4187.3,4162.1,4172.9
2026-07-06 18:00:00+00:00,4173.3,4187.3,4167.1,4175.8
2026-07-06 19:00:00+00:00,4175.8,4187.3,4170.5,4175.5
2026-07-06 20:00:00+00:00,4175.4,4187.3,4172.6,4187.3
2026-07-06 22:00:00+00:00,4176.4,4179.5,4174.6,4175.9
2026-07-06 23:00:00+00:00,4175.4,4176.6,4168.0,4168.7
2026-07-07 00:00:00+00:00,4168.5,4174.5,4156.1,4157.2
2026-07-07 01:00:00+00:00,4157.3,4160.2,4137.6,4153.9
2026-07-07 02:00:00+00:00,4154.0,4157.0,4142.8,4147.9
2026-07-07 03:00:00+00:00,4147.8,4151.4,4135.2,4141.8
2026-07-07 04:00:00+00:00,4142.4,4152.4,4136.8,4137.6
2026-07-07 05:00:00+00:00,4137.6,4142.2,4127.7,4135.2
2026-07-07 06:00:00+00:00,4135.0,4144.4,4132.5,4141.7
2026-07-07 07:00:00+00:00,4141.9,4144.6,4135.4,4135.8
2026-07-07 08:00:00+00:00,4135.4,4150.9,4132.7,4137.1
2026-07-07 09:00:00+00:00,4136.9,4144.6,4130.6,4142.4
2026-07-07 10:00:00+00:00,4142.4,4150.5,4142.4,4147.1
2026-07-07 11:00:00+00:00,4147.1,4170.0,4143.0,4168.6
2026-07-07 12:00:00+00:00,4168.6,4187.0,4166.0,4184.1
2026-07-07 13:00:00+00:00,4184.1,4192.4,4167.3,4170.0
2026-07-07 14:00:00+00:00,4169.7,4175.1,4154.5,4165.0
2026-07-07 15:00:00+00:00,4165.0,4166.7,4146.9,4150.1
2026-07-07 16:00:00+00:00,4150.4,4158.7,4148.2,4156.6
2026-07-07 17:00:00+00:00,4156.7,4159.8,4151.8,4155.9
2026-07-07 18:00:00+00:00,4156.0,4156.5,4136.1,4138.0
2026-07-07 19:00:00+00:00,4137.9,4138.7,4102.7,4125.1
2026-07-07 20:00:00+00:00,4125.3,4126.7,4114.2,4116.6
2026-07-07 22:00:00+00:00,4106.5,4116.9,4104.0,4109.5
2026-07-07 23:00:00+00:00,4109.0,4118.9,4106.3,4108.8
2026-07-08 00:00:00+00:00,4108.5,4137.1,4107.4,4122.5
2026-07-08 01:00:00+00:00,4122.8,4129.0,4106.8,4122.3
2026-07-08 02:00:00+00:00,4122.2,4135.5,4116.5,4125.0
2026-07-08 03:00:00+00:00,4125.5,4142.3,4125.5,4133.7
2026-07-08 04:00:00+00:00,4134.2,4139.4,4131.4,4135.9
2026-07-08 05:00:00+00:00,4135.9,4144.6,4131.3,4138.5
2026-07-08 06:00:00+00:00,4138.8,4144.7,4132.9,4134.0
2026-07-08 07:00:00+00:00,4134.4,4139.0,4125.4,4132.0
2026-07-08 08:00:00+00:00,4132.0,4132.5,4062.2,4066.8
2026-07-08 09:00:00+00:00,4066.6,4071.3,4051.6,4053.1
2026-07-08 10:00:00+00:00,4053.5,4069.0,4050.0,4062.9
2026-07-08 11:00:00+00:00,4062.9,4083.0,4051.5,4072.3
2026-07-08 12:00:00+00:00,4071.9,4096.8,4068.5,4082.9
2026-07-08 13:00:00+00:00,4082.5,4093.8,4075.8,4081.6
2026-07-08 14:00:00+00:00,4081.1,4082.0,4044.0,4051.8
2026-07-08 15:00:00+00:00,4052.0,4054.3,4032.5,4044.1
2026-07-08 16:00:00+00:00,4044.5,4075.0,4043.4,4073.9
2026-07-08 17:00:00+00:00,4073.9,4086.9,4069.4,4076.4
2026-07-08 18:00:00+00:00,4075.8,4101.6,4073.8,4094.1
2026-07-08 19:00:00+00:00,4095.0,4101.4,4088.5,4090.2
2026-07-08 20:00:00+00:00,4090.5,4093.5,4081.4,4086.6
2026-07-08 22:00:00+00:00,4087.6,4089.6,4081.2,4085.7
2026-07-08 23:00:00+00:00,4086.3,4087.5,4081.1,4085.6
2026-07-09 00:00:00+00:00,4087.5,4099.1,4079.2,4082.8
2026-07-09 01:00:00+00:00,4083.2,4088.2,4071.4,4081.8
2026-07-09 02:00:00+00:00,4081.9,4091.9,4073.1,4073.8
2026-07-09 03:00:00+00:00,4073.4,4076.3,4063.4,4072.1
2026-07-09 04:00:00+00:00,4073.6,4073.7,4065.9,4073.7
2026-07-09 05:00:00+00:00,4073.7,4093.8,4073.0,4091.4
2026-07-09 06:00:00+00:00,4091.3,4117.7,4090.8,4117.7
2026-07-09 07:00:00+00:00,4117.3,4121.0,4111.3,4117.9
2026-07-09 08:00:00+00:00,4117.9,4127.4,4115.0,4117.9
2026-07-09 09:00:00+00:00,4118.0,4121.4,4112.6,4115.7
2026-07-09 10:00:00+00:00,4115.8,4119.2,4102.8,4108.0
2026-07-09 11:00:00+00:00,4108.2,4120.4,4106.9,4118.7
2026-07-09 12:00:00+00:00,4118.7,4132.4,4114.8,4117.7
2026-07-09 13:00:00+00:00,4117.5,4139.6,4116.6,4131.7
2026-07-09 14:00:00+00:00,4131.3,4147.4,4123.7,4137.3
2026-07-09 15:00:00+00:00,4137.7,4143.0,4134.6,4136.4
2026-07-09 16:00:00+00:00,4136.8,4148.4,4135.4,4137.7
2026-07-09 17:00:00+00:00,4137.8,4148.3,4134.5,4146.1
2026-07-09 18:00:00+00:00,4145.9,4146.5,4131.1,4134.5
2026-07-09 19:00:00+00:00,4134.1,4136.9,4128.3,4132.4
2026-07-09 20:00:00+00:00,4132.1,4135.1,4130.0,4132.6
2026-07-09 22:00:00+00:00,4135.4,4136.8,4130.5,4130.7
2026-07-09 23:00:00+00:00,4130.8,4134.2,4130.1,4132.6
2026-07-10 00:00:00+00:00,4132.5,4137.8,4123.5,4135.8
2026-07-10 01:00:00+00:00,4136.2,4140.8,4118.3,4127.1
2026-07-10 02:00:00+00:00,4126.7,4138.9,4125.9,4137.6
2026-07-10 03:00:00+00:00,4137.5,4144.6,4128.9,4129.5
2026-07-10 04:00:00+00:00,4128.8,4130.5,4121.2,4123.9
2026-07-10 05:00:00+00:00,4124.1,4126.0,4117.0,4125.5
2026-07-10 06:00:00+00:00,4125.5,4129.0,4120.0,4120.6
2026-07-10 07:00:00+00:00,4120.3,4124.4,4113.0,4117.9
2026-07-10 08:00:00+00:00,4117.6,4118.3,4103.3,4106.5
2026-07-10 09:00:00+00:00,4106.5,4114.5,4103.0,4113.7
2026-07-10 10:00:00+00:00,4113.8,4121.8,4113.1,4113.5
2026-07-10 11:00:00+00:00,4113.3,4117.1,4104.5,4111.0
2026-07-10 12:00:00+00:00,4111.4,4127.0,4106.0,4109.3
2026-07-10 13:00:00+00:00,4109.7,4115.5,4093.7,4108.7
2026-07-10 14:00:00+00:00,4108.3,4118.6,4081.7,4101.7
2026-07-10 15:00:00+00:00,4101.9,4122.7,4100.1,4122.1
2026-07-10 16:00:00+00:00,4122.4,4124.8,4113.3,4113.6
2026-07-10 17:00:00+00:00,4113.4,4115.8,4109.4,4109.6
2026-07-10 18:00:00+00:00,4109.8,4114.8,4106.8,4109.7
2026-07-10 19:00:00+00:00,4109.7,4117.0,4106.3,4116.6
2026-07-10 20:00:00+00:00,4116.4,4129.0,4113.7,4113.7
2026-07-12 22:00:00+00:00,4097.9,4102.2,4076.8,4084.3
2026-07-12 23:00:00+00:00,4084.0,4093.3,4075.8,4092.9
2026-07-13 00:00:00+00:00,4093.1,4099.7,4069.4,4082.1
2026-07-13 01:00:00+00:00,4082.9,4098.3,4074.0,4080.2
2026-07-13 02:00:00+00:00,4080.5,4085.5,4072.6,4076.8
2026-07-13 03:00:00+00:00,4076.5,4077.2,4060.7,4067.4
2026-07-13 04:00:00+00:00,4068.1,4068.1,4057.8,4066.3
2026-07-13 05:00:00+00:00,4066.4,4080.9,4059.5,4061.8
2026-07-13 06:00:00+00:00,4061.9,4071.4,4052.0,4063.0
2026-07-13 07:00:00+00:00,4063.4,4073.2,4056.5,4072.8
2026-07-13 08:00:00+00:00,4072.8,4089.1,4071.4,4083.1
2026-07-13 09:00:00+00:00,4082.8,4085.0,4076.0,4076.3
2026-07-13 10:00:00+00:00,4076.2,4078.4,4055.0,4068.4
2026-07-13 11:00:00+00:00,4068.4,4076.7,4062.6,4064.0
2026-07-13 12:00:00+00:00,4064.0,4075.2,4061.1,4075.2
2026-07-13 13:00:00+00:00,4075.3,4075.5,4049.0,4050.9
2026-07-13 14:00:00+00:00,4050.5,4054.5,4005.8,4022.4
2026-07-13 15:00:00+00:00,4022.4,4027.5,4017.5,4023.3
2026-07-13 16:00:00+00:00,4023.1,4025.5,3992.9,4000.3
2026-07-13 17:00:00+00:00,4000.5,4009.3,3999.2,4000.6
2026-07-13 18:00:00+00:00,4000.7,4012.7,3993.6,4008.5
2026-07-13 19:00:00+00:00,4008.8,4011.6,4000.5,4009.3
2026-07-13 20:00:00+00:00,4009.4,4013.6,4002.8,4008.7
2026-07-13 22:00:00+00:00,4005.9,4015.5,4005.8,4007.4
2026-07-13 23:00:00+00:00,4007.7,4009.9,3999.1,4007.9
2026-07-14 00:00:00+00:00,4008.6,4014.3,3990.4,4011.6
2026-07-14 01:00:00+00:00,4010.8,4019.0,3998.6,4017.0
2026-07-14 02:00:00+00:00,4017.5,4025.7,4012.7,4019.2
2026-07-14 03:00:00+00:00,4019.1,4025.7,4017.5,4022.6
2026-07-14 04:00:00+00:00,4023.7,4029.7,4019.9,4026.7
2026-07-14 05:00:00+00:00,4027.2,4040.4,4026.2,4037.8
2026-07-14 06:00:00+00:00,4037.7,4039.5,4028.0,4030.4
2026-07-14 07:00:00+00:00,4030.6,4036.4,4026.5,4027.3
2026-07-14 08:00:00+00:00,4027.3,4031.1,4020.8,4022.6
2026-07-14 09:00:00+00:00,4022.4,4031.2,4020.1,4028.7
2026-07-14 10:00:00+00:00,4028.6,4029.6,4021.9,4028.2
2026-07-14 11:00:00+00:00,4028.2,4039.0,4022.1,4038.1
2026-07-14 12:00:00+00:00,4038.5,4112.5,4029.8,4083.9
2026-07-14 13:00:00+00:00,4084.0,4096.4,4078.2,4084.0
2026-07-14 14:00:00+00:00,4084.0,4098.4,4077.9,4093.0
2026-07-14 15:00:00+00:00,4093.0,4108.7,4071.3,4073.1
2026-07-14 16:00:00+00:00,4073.2,4073.8,4063.4,4068.3
2026-07-14 17:00:00+00:00,4068.8,4072.2,4061.1,4070.1
2026-07-14 18:00:00+00:00,4069.5,4070.2,4049.2,4060.7
2026-07-14 19:00:00+00:00,4060.3,4064.1,4054.2,4062.1
2026-07-14 20:00:00+00:00,4062.1,4063.1,4055.5,4058.3
2026-07-14 22:00:00+00:00,4059.8,4060.0,4054.3,4055.1
2026-07-14 23:00:00+00:00,4054.8,4062.4,4052.7,4058.8
2026-07-15 00:00:00+00:00,4059.0,4067.2,4057.1,4065.1
2026-07-15 01:00:00+00:00,4066.3,4068.6,4041.2,4042.9
2026-07-15 02:00:00+00:00,4043.0,4048.4,4035.3,4041.7
2026-07-15 03:00:00+00:00,4041.3,4046.6,4033.9,4037.9
2026-07-15 04:00:00+00:00,4036.9,4041.3,4034.2,4039.1
2026-07-15 05:00:00+00:00,4039.5,4044.7,4028.0,4041.0
2026-07-15 06:00:00+00:00,4040.9,4041.7,4027.1,4038.0
2026-07-15 07:00:00+00:00,4038.2,4040.6,4025.6,4030.7
2026-07-15 08:00:00+00:00,4030.7,4039.5,4023.3,4037.7
2026-07-15 09:00:00+00:00,4037.7,4040.7,4031.5,4036.3
2026-07-15 10:00:00+00:00,4036.4,4042.4,4032.1,4034.3
2026-07-15 11:00:00+00:00,4033.9,4046.5,4033.7,4044.5
2026-07-15 12:00:00+00:00,4044.9,4078.2,4041.8,4074.6
2026-07-15 13:00:00+00:00,4074.7,4080.7,4060.5,4068.5
2026-07-15 14:00:00+00:00,4068.7,4073.0,4059.5,4067.2
2026-07-15 15:00:00+00:00,4067.4,4069.6,4045.9,4053.2
2026-07-15 16:00:00+00:00,4053.4,4054.4,4033.0,4040.3
2026-07-15 17:00:00+00:00,4040.4,4073.7,4039.7,4068.7
2026-07-15 18:00:00+00:00,4069.2,4089.1,4065.2,4066.3
2026-07-15 19:00:00+00:00,4066.3,4069.9,4055.2,4064.0
2026-07-15 20:00:00+00:00,4063.7,4069.8,4062.3,4066.9
2026-07-15 22:00:00+00:00,4068.9,4071.9,4063.8,4065.6
2026-07-15 23:00:00+00:00,4065.8,4068.0,4061.1,4063.6
2026-07-16 00:00:00+00:00,4063.8,4067.1,4049.2,4050.4
2026-07-16 01:00:00+00:00,4050.3,4056.6,4039.4,4044.2
2026-07-16 02:00:00+00:00,4044.5,4045.3,4029.4,4036.9
2026-07-16 03:00:00+00:00,4036.8,4042.2,4033.0,4040.7
2026-07-16 04:00:00+00:00,4041.8,4043.1,4037.0,4038.3
2026-07-16 05:00:00+00:00,4038.2,4051.8,4030.3,4032.2
2026-07-16 06:00:00+00:00,4032.4,4041.5,4027.7,4035.8
2026-07-16 07:00:00+00:00,4035.6,4037.1,4027.8,4036.1
2026-07-16 08:00:00+00:00,4035.5,4041.7,4030.0,4040.3
2026-07-16 09:00:00+00:00,4040.6,4043.2,4035.7,4037.4
2026-07-16 10:00:00+00:00,4037.2,4040.1,4034.4,4035.1
2026-07-16 11:00:00+00:00,4035.2,4048.4,4026.2,4044.1
2026-07-16 12:00:00+00:00,4044.4,4048.7,3994.2,3996.4
2026-07-16 13:00:00+00:00,3996.3,4012.6,3977.1,3994.0
2026-07-16 14:00:00+00:00,3993.9,4011.0,3991.2,4002.0
2026-07-16 15:00:00+00:00,4002.2,4021.8,3993.3,4011.8
2026-07-16 16:00:00+00:00,4011.4,4012.3,3986.5,3996.4
2026-07-16 17:00:00+00:00,3996.7,3997.3,3983.9,3989.5
2026-07-16 18:00:00+00:00,3989.7,3995.2,3981.0,3984.7
2026-07-16 19:00:00+00:00,3984.9,3990.8,3973.4,3984.6
2026-07-16 20:00:00+00:00,3984.8,3984.8,3976.2,3979.9
2026-07-16 22:00:00+00:00,3980.1,3984.1,3976.8,3982.1
2026-07-16 23:00:00+00:00,3982.1,3989.9,3978.6,3989.2
2026-07-17 00:00:00+00:00,3989.5,3995.9,3983.8,3995.9
2026-07-17 01:00:00+00:00,3996.0,4000.1,3982.7,3986.5
2026-07-17 02:00:00+00:00,3987.0,3991.1,3974.1,3982.2
2026-07-17 03:00:00+00:00,3982.5,4012.2,3982.2,3995.7
2026-07-17 04:00:00+00:00,3995.0,3995.1,3983.1,3985.0
2026-07-17 05:00:00+00:00,3984.8,3995.3,3978.4,3988.6
2026-07-17 06:00:00+00:00,3988.6,4010.7,3988.5,4003.1
2026-07-17 07:00:00+00:00,4003.1,4006.6,3996.7,3997.0
2026-07-17 08:00:00+00:00,3996.6,4003.8,3991.3,3998.4
2026-07-17 09:00:00+00:00,3997.9,4006.5,3996.8,4001.8
2026-07-17 10:00:00+00:00,4001.7,4002.9,3994.1,3994.4
2026-07-17 11:00:00+00:00,3994.5,4002.7,3993.6,3997.9
2026-07-17 12:00:00+00:00,3998.2,3999.6,3967.7,3969.5
2026-07-17 13:00:00+00:00,3970.1,4007.9,3963.0,4001.4
2026-07-17 14:00:00+00:00,4000.7,4008.9,3994.2,4005.5
2026-07-17 15:00:00+00:00,4005.5,4026.1,4002.0,4024.1
2026-07-17 16:00:00+00:00,4024.4,4028.9,4016.0,4019.6
2026-07-17 17:00:00+00:00,4020.0,4024.0,4012.9,4014.8
2026-07-17 18:00:00+00:00,4014.9,4021.3,4011.6,4016.1
2026-07-17 19:00:00+00:00,4016.4,4020.9,4006.8,4019.9
2026-07-17 20:00:00+00:00,4019.9,4023.0,4013.2,4018.8
2026-07-19 22:00:00+00:00,4001.0,4004.4,3996.9,3997.9
2026-07-19 23:00:00+00:00,3999.3,4000.1,3993.0,3999.2
2026-07-20 00:00:00+00:00,3999.6,4014.5,3986.5,4013.7
2026-07-20 01:00:00+00:00,4013.5,4025.7,4000.1,4007.0
2026-07-20 02:00:00+00:00,4007.3,4034.2,4006.0,4027.1
2026-07-20 03:00:00+00:00,4026.7,4032.7,4023.5,4027.8
2026-07-20 04:00:00+00:00,4028.7,4031.3,4022.6,4022.8
2026-07-20 05:00:00+00:00,4023.3,4025.1,4009.5,4012.3
2026-07-20 06:00:00+00:00,4012.4,4015.9,4007.0,4008.2
2026-07-20 07:00:00+00:00,4008.0,4026.7,4006.5,4022.0
2026-07-20 08:00:00+00:00,4022.2,4035.5,4021.8,4023.3
2026-07-20 09:00:00+00:00,4023.0,4027.7,4018.7,4025.3
2026-07-20 10:00:00+00:00,4025.8,4030.4,4022.4,4029.0
2026-07-20 11:00:00+00:00,4029.0,4046.0,4024.4,4030.5
2026-07-20 12:00:00+00:00,4030.0,4030.2,4010.1,4012.0
2026-07-20 13:00:00+00:00,4012.2,4021.6,4009.4,4009.5
2026-07-20 14:00:00+00:00,4009.4,4018.6,4001.6,4010.5
2026-07-20 15:00:00+00:00,4010.4,4023.9,4008.7,4016.2
2026-07-20 16:00:00+00:00,4016.3,4022.8,4005.2,4013.9
2026-07-20 17:00:00+00:00,4013.9,4017.0,4007.8,4009.2
2026-07-20 18:00:00+00:00,4009.4,4016.4,4007.7,4012.1
2026-07-20 19:00:00+00:00,4011.5,4022.2,4008.5,4010.7
2026-07-20 20:00:00+00:00,4011.1,4013.5,4008.4,4011.8
2026-07-20 22:00:00+00:00,4013.4,4014.7,4003.3,4004.0
2026-07-20 23:00:00+00:00,4004.2,4015.1,4003.3,4014.4
2026-07-21 00:00:00+00:00,4014.5,4032.0,4008.3,4029.6
2026-07-21 01:00:00+00:00,4029.8,4041.0,4022.5,4027.6
2026-07-21 02:00:00+00:00,4027.5,4049.8,4025.9,4042.7
2026-07-21 03:00:00+00:00,4042.3,4057.2,4041.3,4050.9
2026-07-21 04:00:00+00:00,4051.7,4056.6,4048.4,4054.3
2026-07-21 05:00:00+00:00,4054.1,4072.8,4051.1,4066.0
2026-07-21 06:00:00+00:00,4066.0,4088.4,4066.0,4083.0
2026-07-21 07:00:00+00:00,4083.3,4084.8,4072.1,4075.7
2026-07-21 08:00:00+00:00,4075.6,4076.9,4063.6,4067.4
2026-07-21 09:00:00+00:00,4067.7,4074.4,4065.4,4070.2
2026-07-21 10:00:00+00:00,4070.5,4074.8,4065.1,4067.3
2026-07-21 11:00:00+00:00,4067.7,4068.3,4058.9,4060.6
2026-07-21 12:00:00+00:00,4060.5,4070.4,4055.0,4058.0
2026-07-21 13:00:00+00:00,4058.3,4066.1,4048.4,4057.2
2026-07-21 14:00:00+00:00,4057.5,4079.1,4055.4,4072.9
2026-07-21 15:00:00+00:00,4072.5,4088.0,4069.8,4078.6
2026-07-21 16:00:00+00:00,4078.5,4083.5,4074.1,4075.9
2026-07-21 17:00:00+00:00,4076.0,4077.2,4071.0,4073.0
2026-07-21 18:00:00+00:00,4072.9,4092.5,4071.9,4087.0
2026-07-21 19:00:00+00:00,4087.0,4090.3,4084.7,4088.6
2026-07-21 20:00:00+00:00,4088.6,4090.9,4080.9,4082.2
2026-07-21 22:00:00+00:00,4084.7,4089.0,4081.0,4084.6
2026-07-21 23:00:00+00:00,4084.4,4087.4,4083.3,4085.2
2026-07-22 00:00:00+00:00,4085.5,4107.5,4081.1,4101.6
2026-07-22 01:00:00+00:00,4102.3,4128.4,4100.8,4126.0
2026-07-22 02:00:00+00:00,4126.4,4135.3,4123.1,4134.7
2026-07-22 03:00:00+00:00,4134.8,4146.0,4133.6,4135.5
2026-07-22 04:00:00+00:00,4135.1,4135.6,4129.4,4131.8
2026-07-22 05:00:00+00:00,4131.6,4138.6,4127.5,4135.5
2026-07-22 06:00:00+00:00,4135.4,4140.0,4117.8,4121.0
2026-07-22 07:00:00+00:00,4120.8,4127.4,4113.3,4114.6
2026-07-22 08:00:00+00:00,4115.0,4124.4,4114.8,4122.3
2026-07-22 09:00:00+00:00,4122.6,4126.6,4117.5,4118.8
2026-07-22 10:00:00+00:00,4119.2,4126.1,4119.2,4121.2
2026-07-22 11:00:00+00:00,4121.8,4127.9,4117.2,4127.4
2026-07-22 12:00:00+00:00,4127.5,4139.5,4110.4,4117.0
2026-07-22 13:00:00+00:00,4117.1,4161.5,4117.0,4160.0
2026-07-22 14:00:00+00:00,4159.8,4168.8,4148.6,4153.4
2026-07-22 15:00:00+00:00,4153.5,4171.4,4153.4,4164.1
2026-07-22 16:00:00+00:00,4164.4,4164.5,4150.1,4152.8
2026-07-22 17:00:00+00:00,4152.8,4153.6,4143.8,4148.1
2026-07-22 18:00:00+00:00,4147.9,4148.4,4137.5,4141.8
2026-07-22 19:00:00+00:00,4141.4,4142.5,4133.9,4136.4
2026-07-22 20:00:00+00:00,4136.4,4142.8,4133.2,4135.0
2026-07-22 22:00:00+00:00,4126.0,4133.0,4074.6,4124.7
2026-07-22 23:00:00+00:00,4125.1,4137.1,4118.9,4135.8
2026-07-23 00:00:00+00:00,4136.8,4138.0,4128.4,4135.3
2026-07-23 01:00:00+00:00,4135.2,4144.0,4116.7,4120.5
2026-07-23 02:00:00+00:00,4120.1,4131.3,4114.7,4130.8
2026-07-23 03:00:00+00:00,4130.9,4135.6,4126.6,4127.6
2026-07-23 04:00:00+00:00,4127.7,4132.9,4122.5,4123.8
2026-07-23 05:00:00+00:00,4124.0,4133.4,4121.6,4126.9
2026-07-23 06:00:00+00:00,4127.1,4131.0,4119.5,4121.6
2026-07-23 07:00:00+00:00,4121.3,4122.2,4093.0,4098.3
2026-07-23 08:00:00+00:00,4098.5,4100.7,4089.7,4096.0
2026-07-23 09:00:00+00:00,4095.9,4102.4,4091.3,4093.2
2026-07-23 10:00:00+00:00,4093.2,4098.6,4088.7,4096.7
2026-07-23 11:00:00+00:00,4096.6,4097.4,4075.7,4088.9
2026-07-23 12:00:00+00:00,4088.4,4089.0,4063.6,4064.6
2026-07-23 13:00:00+00:00,4064.2,4070.1,4042.6,4045.8
2026-07-23 14:00:00+00:00,4046.1,4064.7,4042.5,4061.1
2026-07-23 15:00:00+00:00,4061.5,4062.6,4045.0,4051.2
2026-07-23 16:00:00+00:00,4051.5,4054.6,4048.6,4054.3
2026-07-23 17:00:00+00:00,4054.5,4057.5,4043.9,4043.9
2026-07-23 18:00:00+00:00,4044.4,4050.8,4042.5,4048.8
2026-07-23 19:00:00+00:00,4049.2,4053.3,4045.3,4052.1
2026-07-23 20:00:00+00:00,4051.9,4053.6,4049.8,4052.3
2026-07-23 22:00:00+00:00,4053.4,4053.5,4050.2,4052.0
2026-07-23 23:00:00+00:00,4052.2,4053.8,4048.8,4049.4
2026-07-24 00:00:00+00:00,4049.8,4054.1,4043.2,4052.4
2026-07-24 01:00:00+00:00,4052.9,4053.3,4041.9,4046.0
2026-07-24 02:00:00+00:00,4045.9,4051.0,4025.3,4026.7
2026-07-24 03:00:00+00:00,4027.1,4036.1,4025.4,4031.1
2026-07-24 04:00:00+00:00,4031.3,4032.9,4027.8,4029.8
2026-07-24 05:00:00+00:00,4029.8,4034.6,4024.0,4025.0
2026-07-24 06:00:00+00:00,4025.2,4041.4,4025.0,4038.4
2026-07-24 07:00:00+00:00,4038.2,4056.3,4037.5,4051.1
2026-07-24 08:00:00+00:00,4051.2,4061.5,4047.5,4060.0
2026-07-24 09:00:00+00:00,4060.4,4064.0,4054.2,4062.6
2026-07-24 10:00:00+00:00,4062.6,4067.0,4059.4,4062.2
2026-07-24 11:00:00+00:00,4062.5,4065.9,4053.5,4060.2
2026-07-24 12:00:00+00:00,4060.6,4062.9,4054.2,4058.5
2026-07-24 13:00:00+00:00,4058.8,4071.5,4046.9,4070.0
2026-07-24 14:00:00+00:00,4069.9,4073.0,4058.4,4066.2
2026-07-24 15:00:00+00:00,4066.1,4085.2,4064.7,4079.9
2026-07-24 16:00:00+00:00,4080.3,4080.9,4066.5,4069.5
2026-07-24 17:00:00+00:00,4069.7,4072.8,4065.3,4065.8
2026-07-24 18:00:00+00:00,4066.0,4067.3,4053.5,4056.7
2026-07-24 19:00:00+00:00,4056.9,4060.2,4051.3,4056.1
2026-07-24 20:00:00+00:00,4055.9,4070.8,4053.9,4070.8
2026-07-26 22:00:00+00:00,4091.5,4096.5,4086.9,4092.2
2026-07-26 23:00:00+00:00,4092.9,4099.0,4085.8,4096.9
2026-07-27 00:00:00+00:00,4097.2,4119.3,4093.2,4102.6
2026-07-27 01:00:00+00:00,4103.1,4114.8,4098.9,4112.0
2026-07-27 02:00:00+00:00,4112.2,4112.9,4095.6,4095.7
2026-07-27 03:00:00+00:00,4095.5,4097.8,4087.0,4092.5
2026-07-27 04:00:00+00:00,4093.0,4095.0,4088.9,4091.7
2026-07-27 05:00:00+00:00,4092.5,4097.0,4086.5,4095.3
2026-07-27 06:00:00+00:00,4094.9,4101.4,4093.3,4098.4
2026-07-27 07:00:00+00:00,4098.2,4108.3,4090.5,4090.7
2026-07-27 08:00:00+00:00,4090.9,4098.7,4088.8,4097.7
2026-07-27 09:00:00+00:00,4096.8,4102.7,4091.8,4098.9
2026-07-27 10:00:00+00:00,4098.8,4104.6,4088.4,4102.1
2026-07-27 11:00:00+00:00,4102.2,4107.0,4095.6,4095.9
2026-07-27 12:00:00+00:00,4096.1,4099.8,4082.4,4085.2
2026-07-27 13:00:00+00:00,4085.8,4091.8,4071.6,4075.8
2026-07-27 14:00:00+00:00,4075.9,4081.0,4067.1,4078.4
2026-07-27 15:00:00+00:00,4078.3,4082.2,4073.9,4080.6
2026-07-27 16:00:00+00:00,4080.8,4095.7,4079.9,4084.1
2026-07-27 17:00:00+00:00,4084.0,4084.1,4072.2,4078.2
2026-07-27 18:00:00+00:00,4078.2,4081.2,4074.5,4079.8
2026-07-27 19:00:00+00:00,4079.9,4091.8,4078.0,4085.5
2026-07-27 20:00:00+00:00,4085.4,4086.4,4077.6,4078.6
2026-07-27 22:00:00+00:00,4083.0,4085.7,4072.3,4075.1
2026-07-27 23:00:00+00:00,4075.4,4076.1,4071.0,4074.4
2026-07-28 00:00:00+00:00,4074.4,4075.5,4058.1,4058.5
2026-07-28 01:00:00+00:00,4058.3,4061.2,4042.9,4045.7
2026-07-28 02:00:00+00:00,4045.9,4049.7,4041.1,4042.3
2026-07-28 03:00:00+00:00,4042.3,4051.5,4040.7,4049.6
2026-07-28 04:00:00+00:00,4049.0,4049.7,4041.2,4042.1
2026-07-28 05:00:00+00:00,4041.9,4046.9,4034.6,4045.2
2026-07-28 06:00:00+00:00,4045.5,4052.8,4042.9,4048.7
2026-07-28 07:00:00+00:00,4048.3,4052.9,4045.8,4047.3
2026-07-28 08:00:00+00:00,4047.3,4055.6,4041.9,4045.7
2026-07-28 09:00:00+00:00,4045.5,4046.1,4018.1,4023.3
2026-07-28 10:00:00+00:00,4023.1,4028.2,4016.5,4025.6
2026-07-28 11:00:00+00:00,4026.0,4031.9,4022.5,4027.8
2026-07-28 12:00:00+00:00,4027.3,4037.9,4022.2,4029.4
2026-07-28 13:00:00+00:00,4029.4,4036.1,4019.3,4021.4
2026-07-28 14:00:00+00:00,4021.9,4034.1,4011.1,4023.8
2026-07-28 15:00:00+00:00,4024.6,4047.4,4021.9,4046.5
2026-07-28 16:00:00+00:00,4046.7,4046.8,4036.6,4037.6
2026-07-28 17:00:00+00:00,4037.9,4041.9,4025.3,4028.0
2026-07-28 18:00:00+00:00,4028.1,4030.5,4021.4,4023.1
2026-07-28 19:00:00+00:00,4022.8,4038.7,4021.5,4025.9
2026-07-28 20:00:00+00:00,4025.8,4030.6,4022.2,4028.8
2026-07-28 22:00:00+00:00,4020.9,4034.0,4013.2,4017.9
2026-07-28 23:00:00+00:00,4017.4,4026.0,4015.0,4024.3
2026-07-29 00:00:00+00:00,4025.0,4030.7,4017.1,4021.3
2026-07-29 01:00:00+00:00,4021.0,4030.0,4009.3,4025.0
2026-07-29 02:00:00+00:00,4025.0,4036.8,4022.3,4028.3
2026-07-29 03:00:00+00:00,4028.2,4031.4,4021.5,4021.5
2026-07-29 04:00:00+00:00,4022.0,4026.0,4019.3,4025.4
2026-07-29 05:00:00+00:00,4025.9,4038.2,4025.3,4031.3
2026-07-29 06:00:00+00:00,4032.2,4043.2,4032.2,4039.8
2026-07-29 07:00:00+00:00,4039.9,4106.7,4039.9,4102.6
2026-07-29 08:00:00+00:00,4103.0,4103.5,4094.6,4096.5
2026-07-29 09:00:00+00:00,4096.8,4097.6,4090.4,4091.9
2026-07-29 10:00:00+00:00,4091.5,4093.7,4085.1,4086.1
2026-07-29 11:00:00+00:00,4086.8,4095.4,4084.0,4091.5
2026-07-29 12:00:00+00:00,4091.7,4092.5,4067.4,4080.9
2026-07-29 13:00:00+00:00,4081.3,4084.8,4060.3,4064.8
2026-07-29 14:00:00+00:00,4065.1,4068.4,4053.9,4063.2
2026-07-29 15:00:00+00:00,4063.6,4072.2,4061.7,4068.5
2026-07-29 16:00:00+00:00,4068.5,4091.7,4066.3,4086.1
2026-07-29 17:00:00+00:00,4086.2,4109.3,4086.1,4102.9
2026-07-29 18:00:00+00:00,4103.1,4170.3,4101.3,4166.8
2026-07-29 19:00:00+00:00,4167.1,4176.8,4103.8,4104.7
2026-07-29 20:00:00+00:00,4104.2,4128.9,4101.7,4126.0
2026-07-29 22:00:00+00:00,4126.7,4148.2,4121.1,4146.3
2026-07-29 23:00:00+00:00,4146.5,4158.0,4142.0,4142.0
2026-07-30 00:00:00+00:00,4142.5,4144.3,4122.3,4129.7
2026-07-30 01:00:00+00:00,4130.0,4151.5,4127.8,4142.4
2026-07-30 02:00:00+00:00,4142.1,4148.0,4120.7,4121.4
2026-07-30 03:00:00+00:00,4121.1,4127.5,4107.6,4114.1
2026-07-30 04:00:00+00:00,4115.9,4117.1,4100.3,4102.5
2026-07-30 05:00:00+00:00,4102.2,4108.0,4085.0,4090.4
2026-07-30 06:00:00+00:00,4090.8,4098.1,4086.3,4093.8
2026-07-30 07:00:00+00:00,4093.8,4108.5,4092.7,4096.1
2026-07-30 08:00:00+00:00,4096.1,4130.9,4093.9,4119.2
2026-07-30 09:00:00+00:00,4119.4,4131.5,4118.3,4121.5
2026-07-30 10:00:00+00:00,4121.8,4142.2,4121.2,4136.4
2026-07-30 11:00:00+00:00,4136.5,4141.5,4133.6,4136.0
2026-07-30 12:00:00+00:00,4136.0,4145.4,4125.4,4127.4
2026-07-30 13:00:00+00:00,4127.3,4172.5,4123.2,4172.0
2026-07-30 14:00:00+00:00,4172.1,4180.2,4145.6,4159.1
2026-07-30 15:00:00+00:00,4159.4,4169.2,4141.9,4167.0
2026-07-30 16:00:00+00:00,4166.8,4178.3,4165.6,4169.8
2026-07-30 17:00:00+00:00,4169.8,4170.2,4157.1,4161.5
2026-07-30 18:00:00+00:00,4161.5,4166.8,4157.7,4158.8
2026-07-30 19:00:00+00:00,4158.7,4174.5,4158.0,4171.2
2026-07-30 20:00:00+00:00,4171.3,4176.7,4158.0,4162.8
2026-07-30 22:00:00+00:00,4163.9,4169.8,4158.0,4167.4
2026-07-30 23:00:00+00:00,4168.1,4170.7,4160.8,4164.4
2026-07-31 00:00:00+00:00,4164.8,4165.4,4149.0,4153.5
2026-07-31 01:00:00+00:00,4153.5,4160.0,4140.0,4142.5
2026-07-31 02:00:00+00:00,4142.7,4148.8,4132.5,4134.1
2026-07-31 03:00:00+00:00,4134.0,4137.4,4129.7,4133.1
2026-07-31 04:00:00+00:00,4132.6,4139.5,4131.0,4137.6
2026-07-31 05:00:00+00:00,4138.0,4141.3,4131.0,4132.1
2026-07-31 06:00:00+00:00,4132.4,4145.3,4130.5,4135.4
2026-07-31 07:00:00+00:00,4135.0,4136.8,4124.7,4125.1
2026-07-31 08:00:00+00:00,4125.4,4125.4,4110.8,4117.6
2026-07-31 09:00:00+00:00,4117.3,4120.8,4106.5,4111.3
2026-07-31 10:00:00+00:00,4111.2,4114.7,4108.4,4110.8
2026-07-31 11:00:00+00:00,4110.7,4117.4,4106.7,4110.0
2026-07-31 12:00:00+00:00,4110.3,4115.7,4096.4,4096.8
2026-07-31 13:00:00+00:00,4096.6,4103.4,4077.6,4081.5
2026-07-31 14:00:00+00:00,4080.8,4106.9,4076.4,4105.6
2026-07-31 15:00:00+00:00,4105.8,4109.1,4093.0,4101.8
2026-07-31 16:00:00+00:00,4101.8,4106.0,4097.2,4099.3
2026-07-31 17:00:00+00:00,4099.2,4111.0,4097.3,4109.8
2026-07-31 18:00:00+00:00,4110.0,4111.3,4102.9,4106.6
2026-07-31 19:00:00+00:00,4106.8,4111.9,4102.6,4107.7
2026-07-31 20:00:00+00:00,4107.6,4109.2,4097.4,4107.0
2026-08-02 22:00:00+00:00,4131.1,4135.8,4119.5,4119.9
2026-08-02 23:00:00+00:00,4120.0,4130.5,4119.0,4130.4
2026-08-03 00:00:00+00:00,4130.5,4134.7,4111.1,4112.8
2026-08-03 01:00:00+00:00,4112.9,4119.0,4102.7,4112.7
2026-08-03 02:00:00+00:00,4112.7,4122.3,4107.8,4117.8
2026-08-03 03:00:00+00:00,4117.6,4123.2,4114.2,4120.0
2026-08-03 04:00:00+00:00,4120.4,4127.2,4119.2,4119.2
2026-08-03 05:00:00+00:00,4119.0,4125.2,4109.1,4124.2
2026-08-03 06:00:00+00:00,4124.3,4127.3,4115.7,4118.9
2026-08-03 07:00:00+00:00,4119.0,4120.5,4107.3,4117.1
2026-08-03 08:00:00+00:00,4117.0,4118.0,4110.0,4115.0
2026-08-03 09:00:00+00:00,4115.3,4117.7,4102.3,4111.6
2026-08-03 10:00:00+00:00,4111.6,4113.6,4101.9,4105.4
2026-08-03 11:00:00+00:00,4105.7,4119.4,4101.7,4118.9
2026-08-03 12:00:00+00:00,4119.0,4121.1,4098.1,4103.4
2026-08-03 13:00:00+00:00,4103.6,4109.8,4074.0,4087.2
2026-08-03 14:00:00+00:00,4086.6,4094.9,4081.6,4091.6
2026-08-03 15:00:00+00:00,4091.7,4096.4,4085.5,4091.6
2026-08-03 16:00:00+00:00,4091.6,4094.8,4089.9,4092.4
2026-08-03 17:00:00+00:00,4092.7,4093.5,4085.9,4086.4
2026-08-03 18:00:00+00:00,4086.4,4101.0,4085.4,4099.6
2026-08-03 19:00:00+00:00,4099.5,4112.0,4099.5,4108.2
2026-08-03 20:00:00+00:00,4108.3,4115.0,4106.2,4110.9
2026-08-03 22:00:00+00:00,4109.6,4110.3,4104.6,4108.6
2026-08-03 23:00:00+00:00,4108.6,4110.8,4105.5,4109.3
2026-08-04 00:00:00+00:00,4109.2,4125.1,4104.1,4104.9
2026-08-04 01:00:00+00:00,4104.8,4117.6,4098.2,4114.8
2026-08-04 02:00:00+00:00,4114.8,4120.6,4111.1,4114.6
2026-08-04 03:00:00+00:00,4114.3,4117.5,4107.6,4108.2
2026-08-04 04:00:00+00:00,4107.4,4121.9,4106.4,4119.3
2026-08-04 05:00:00+00:00,4119.2,4123.7,4112.7,4117.3
2026-08-04 06:00:00+00:00,4117.9,4122.1,4111.4,4119.3
2026-08-04 07:00:00+00:00,4119.5,4122.9,4116.6,4121.8
2026-08-04 08:00:00+00:00,4121.9,4129.6,4110.1,4110.8
2026-08-04 09:00:00+00:00,4110.5,4111.2,4102.0,4105.1
2026-08-04 10:00:00+00:00,4105.7,4116.4,4101.4,4109.8
2026-08-04 11:00:00+00:00,4109.4,4141.8,4108.1,4132.1
2026-08-04 12:00:00+00:00,4132.3,4141.5,4117.6,4127.8
2026-08-04 13:00:00+00:00,4128.1,4151.5,4117.2,4140.7
2026-08-04 14:00:00+00:00,4140.7,4149.3,4131.3,4140.4
2026-08-04 15:00:00+00:00,4140.5,4145.8,4131.0,4144.2
2026-08-04 16:00:00+00:00,4144.4,4150.7,4139.7,4150.4
2026-08-04 17:00:00+00:00,4150.2,4163.8,4143.0,4143.1
2026-08-04 18:00:00+00:00,4142.8,4146.0,4132.1,4136.8
2026-08-04 19:00:00+00:00,4136.6,4141.9,4133.3,4135.3
2026-08-04 20:00:00+00:00,4135.6,4137.3,4131.4,4134.2
2026-08-04 22:00:00+00:00,4133.8,4142.1,4132.1,4132.5
2026-08-04 23:00:00+00:00,4132.8,4134.0,4121.6,4128.7
2026-08-05 00:00:00+00:00,4128.6,4139.3,4126.3,4138.2
2026-08-05 01:00:00+00:00,4138.5,4158.5,4133.4,4157.2
2026-08-05 02:00:00+00:00,4157.2,4192.6,4151.8,4186.2
2026-08-05 03:00:00+00:00,4186.5,4193.8,4184.3,4186.6
2026-08-05 04:00:00+00:00,4186.1,4199.5,4186.0,4193.4
2026-08-05 05:00:00+00:00,4193.3,4233.0,4192.7,4222.2
2026-08-05 06:00:00+00:00,4222.4,4237.8,4220.2,4237.1
2026-08-05 07:00:00+00:00,4236.7,4238.5,4220.9,4229.9
2026-08-05 08:00:00+00:00,4229.9,4231.5,4218.4,4219.7
2026-08-05 09:00:00+00:00,4220.0,4226.9,4211.8,4216.9
2026-08-05 10:00:00+00:00,4216.8,4220.7,4209.1,4220.4
2026-08-05 11:00:00+00:00,4220.6,4252.2,4219.8,4248.5
2026-08-05 12:00:00+00:00,4248.5,4273.6,4243.1,4244.1
2026-08-05 13:00:00+00:00,4243.9,4266.7,4243.8,4265.8
2026-08-05 14:00:00+00:00,4265.1,4307.8,4263.1,4304.3
2026-08-05 15:00:00+00:00,4303.9,4325.5,4292.7,4293.0
2026-08-05 16:00:00+00:00,4293.6,4308.1,4285.0,4302.8
2026-08-05 17:00:00+00:00,4302.9,4313.0,4296.2,4311.0
2026-08-05 18:00:00+00:00,4310.7,4328.2,4309.6,4321.2
2026-08-05 19:00:00+00:00,4321.0,4322.7,4307.0,4307.6
2026-08-05 20:00:00+00:00,4307.9,4310.4,4303.5,4308.0
2026-08-05 22:00:00+00:00,4307.0,4315.2,4304.9,4309.5
2026-08-05 23:00:00+00:00,4309.4,4341.1,4308.3,4337.3
2026-08-06 00:00:00+00:00,4337.2,4360.0,4323.5,4354.7
2026-08-06 01:00:00+00:00,4354.6,4362.7,4332.5,4346.9
2026-08-06 02:00:00+00:00,4346.7,4363.7,4334.0,4337.8
2026-08-06 03:00:00+00:00,4337.2,4340.0,4319.6,4324.9
2026-08-06 04:00:00+00:00,4324.5,4326.1,4312.2,4321.4
2026-08-06 05:00:00+00:00,4321.3,4327.5,4306.2,4326.0
2026-08-06 06:00:00+00:00,4325.8,4327.5,4308.2,4314.7
2026-08-06 07:00:00+00:00,4314.7,4324.0,4311.7,4321.7
2026-08-06 08:00:00+00:00,4322.0,4337.7,4319.4,4337.1
2026-08-06 09:00:00+00:00,4337.2,4344.2,4330.4,4332.6
2026-08-06 10:00:00+00:00,4332.6,4333.1,4322.8,4330.0
2026-08-06 11:00:00+00:00,4330.0,4332.5,4312.7,4322.6
2026-08-06 12:00:00+00:00,4322.2,4330.1,4307.0,4308.6
2026-08-06 13:00:00+00:00,4308.5,4332.9,4288.4,4325.9
2026-08-06 14:00:00+00:00,4326.1,4334.7,4318.9,4332.2
2026-08-06 15:00:00+00:00,4332.2,4333.6,4285.2,4291.5
2026-08-06 16:00:00+00:00,4291.8,4300.8,4281.2,4299.4
2026-08-06 17:00:00+00:00,4299.6,4307.0,4297.1,4305.8
2026-08-06 18:00:00+00:00,4305.9,4308.0,4299.2,4302.2
2026-08-06 19:00:00+00:00,4302.1,4309.8,4292.0,4307.8
2026-08-06 20:00:00+00:00,4307.7,4309.1,4293.6,4298.7
2026-08-06 22:00:00+00:00,4298.3,4301.8,4293.9,4298.3
2026-08-06 23:00:00+00:00,4298.6,4311.8,4298.4,4311.0
2026-08-07 00:00:00+00:00,4310.7,4311.4,4288.0,4291.2
2026-08-07 01:00:00+00:00,4290.9,4317.5,4289.8,4314.7
2026-08-07 02:00:00+00:00,4314.6,4320.8,4305.4,4309.1
2026-08-07 03:00:00+00:00,4309.1,4325.0,4308.3,4322.8
2026-08-07 04:00:00+00:00,4325.3,4328.4,4320.2,4324.1
2026-08-07 05:00:00+00:00,4324.1,4340.0,4320.4,4337.7
2026-08-07 06:00:00+00:00,4337.7,4358.0,4337.1,4356.3
2026-08-07 07:00:00+00:00,4356.2,4356.9,4342.0,4348.9
2026-08-07 08:00:00+00:00,4349.2,4375.9,4347.9,4365.4
2026-08-07 09:00:00+00:00,4365.6,4380.1,4361.6,4375.6
2026-08-07 10:00:00+00:00,4375.8,4380.2,4367.2,4376.4
2026-08-07 11:00:00+00:00,4376.3,4387.1,4376.0,4380.8
2026-08-07 12:00:00+00:00,4380.6,4432.3,4361.0,4421.9
2026-08-07 13:00:00+00:00,4421.6,4428.8,4398.9,4408.3
2026-08-07 14:00:00+00:00,4408.4,4413.0,4386.9,4401.3
2026-08-07 15:00:00+00:00,4401.4,4418.1,4398.9,4400.4
2026-08-07 16:00:00+00:00,4400.4,4409.4,4388.8,4389.5
2026-08-07 17:00:00+00:00,4388.7,4402.5,4387.4,4400.0
2026-08-07 18:00:00+00:00,4399.8,4403.0,4391.9,4395.6
2026-08-07 19:00:00+00:00,4395.7,4410.6,4395.7,4403.1
2026-08-07 20:00:00+00:00,4403.0,4404.6,4395.3,4399.7
2026-08-09 22:00:00+00:00,4398.0,4405.5,4397.0,4400.2
2026-08-09 23:00:00+00:00,4400.4,4408.0,4390.8,4392.0
2026-08-10 00:00:00+00:00,4391.9,4406.0,4389.8,4391.3
2026-08-10 01:00:00+00:00,4391.5,4400.0,4373.9,4383.0
2026-08-10 02:00:00+00:00,4382.8,4392.5,4379.0,4380.0
2026-08-10 03:00:00+00:00,4379.6,4390.3,4377.4,4387.8
2026-08-10 04:00:00+00:00,4387.7,4399.8,4383.6,4399.5
2026-08-10 05:00:00+00:00,4399.1,4412.5,4391.5,4407.0
2026-08-10 06:00:00+00:00,4407.3,4419.5,4401.5,4417.8
2026-08-10 07:00:00+00:00,4417.8,4421.5,4409.4,4414.7
2026-08-10 08:00:00+00:00,4415.0,4416.0,4402.9,4405.6
2026-08-10 09:00:00+00:00,4405.6,4409.2,4398.4,4400.1
2026-08-10 10:00:00+00:00,4400.4,4403.3,4394.6,4395.2
2026-08-10 11:00:00+00:00,4395.3,4398.5,4386.3,4393.9
2026-08-10 12:00:00+00:00,4393.8,4396.4,4382.8,4391.6
2026-08-10 13:00:00+00:00,4391.1,4398.4,4375.0,4376.3
2026-08-10 14:00:00+00:00,4376.2,4411.3,4376.2,4405.2
2026-08-10 15:00:00+00:00,4405.2,4419.2,4402.7,4417.9
2026-08-10 16:00:00+00:00,4418.1,4424.5,4408.6,4416.3
2026-08-10 17:00:00+00:00,4416.4,4425.2,4410.5,4419.2
2026-08-10 18:00:00+00:00,4419.4,4442.5,4418.8,4437.7
2026-08-10 19:00:00+00:00,4437.8,4453.8,4437.8,4446.8
2026-08-10 20:00:00+00:00,4447.0,4451.3,4444.7,4448.6
2026-08-10 22:00:00+00:00,4446.9,4460.4,4443.2,4459.0
2026-08-10 23:00:00+00:00,4459.1,4462.4,4453.9,4462.1
2026-08-11 00:00:00+00:00,4462.3,4478.6,4456.0,4468.5
2026-08-11 01:00:00+00:00,4469.0,4493.7,4453.0,4489.2
2026-08-11 02:00:00+00:00,4489.2,4495.0,4468.0,4470.8
2026-08-11 03:00:00+00:00,4470.7,4481.4,4469.6,4477.0
2026-08-11 04:00:00+00:00,4476.5,4480.3,4463.3,4468.7
2026-08-11 05:00:00+00:00,4468.8,4468.9,4427.1,4435.2
2026-08-11 06:00:00+00:00,4434.7,4442.0,4418.7,4425.3
2026-08-11 07:00:00+00:00,4425.2,4426.5,4415.7,4416.6
2026-08-11 08:00:00+00:00,4417.1,4435.5,4416.1,4428.1
2026-08-11 09:00:00+00:00,4428.0,4434.4,4426.1,4431.4
2026-08-11 10:00:00+00:00,4431.3,4441.2,4430.0,4441.2
2026-08-11 11:00:00+00:00,4441.1,4451.8,4439.1,4446.1
2026-08-11 12:00:00+00:00,4446.2,4458.8,4442.2,4450.6
2026-08-11 13:00:00+00:00,4450.7,4463.3,4442.9,4448.2
2026-08-11 14:00:00+00:00,4448.2,4457.4,4439.9,4453.6
2026-08-11 15:00:00+00:00,4453.6,4458.2,4428.2,4443.2
2026-08-11 16:00:00+00:00,4443.5,4445.3,4438.2,4443.1
2026-08-11 17:00:00+00:00,4443.3,4445.7,4428.2,4428.3
2026-08-11 18:00:00+00:00,4428.5,4431.9,4419.7,4430.4
2026-08-11 19:00:00+00:00,4430.4,4433.6,4420.0,4429.7
2026-08-11 20:00:00+00:00,4429.3,4430.0,4426.1,4427.8
2026-08-11 22:00:00+00:00,4430.0,4437.8,4426.1,4427.9
2026-08-11 23:00:00+00:00,4428.7,4433.0,4421.4,4430.4
2026-08-12 00:00:00+00:00,4430.6,4442.9,4426.0,4440.2
2026-08-12 01:00:00+00:00,4440.3,4456.9,4438.0,4456.2
2026-08-12 02:00:00+00:00,4456.1,4474.2,4453.9,4470.8
2026-08-12 03:00:00+00:00,4471.1,4475.7,4460.6,4461.8
2026-08-12 04:00:00+00:00,4462.4,4463.1,4455.3,4461.0
2026-08-12 05:00:00+00:00,4460.9,4465.1,4444.0,4451.0
2026-08-12 06:00:00+00:00,4450.9,4466.1,4445.3,4463.2
2026-08-12 07:00:00+00:00,4463.0,4469.5,4457.4,4465.9
2026-08-12 08:00:00+00:00,4465.9,4470.1,4460.6,4460.6
2026-08-12 09:00:00+00:00,4460.9,4484.2,4460.9,4475.4
2026-08-12 10:00:00+00:00,4475.5,4480.4,4465.9,4472.0
2026-08-12 11:00:00+00:00,4472.3,4476.6,4467.2,4472.4
2026-08-12 12:00:00+00:00,4472.4,4499.3,4440.0,4498.2
2026-08-12 13:00:00+00:00,4497.8,4502.7,4468.0,4487.4
2026-08-12 14:00:00+00:00,4487.5,4499.8,4475.8,4481.4
2026-08-12 15:00:00+00:00,4481.2,4489.5,4470.2,4480.4
2026-08-12 16:00:00+00:00,4480.2,4486.2,4455.9,4461.7
2026-08-12 17:00:00+00:00,4461.7,4471.7,4459.0,4459.6
2026-08-12 18:00:00+00:00,4459.3,4478.1,4456.0,4473.2
2026-08-12 19:00:00+00:00,4473.2,4478.3,4468.5,4473.9
2026-08-12 20:00:00+00:00,4473.7,4474.3,4466.7,4469.0
2026-08-12 22:00:00+00:00,4468.8,4470.3,4456.5,4459.9
2026-08-12 23:00:00+00:00,4460.1,4473.2,4459.9,4473.1
2026-08-13 00:00:00+00:00,4473.2,4509.1,4471.9,4486.9
2026-08-13 01:00:00+00:00,4486.7,4494.1,4464.7,4467.0
2026-08-13 02:00:00+00:00,4466.8,4472.6,4457.0,4465.7
2026-08-13 03:00:00+00:00,4465.8,4470.7,4458.0,4458.3
2026-08-13 04:00:00+00:00,4458.7,4458.7,4449.4,4455.5
2026-08-13 05:00:00+00:00,4455.2,4465.2,4437.2,4440.4
2026-08-13 06:00:00+00:00,4440.3,4443.0,4425.6,4437.7
2026-08-13 07:00:00+00:00,4437.8,4438.6,4425.8,4426.4
2026-08-13 08:00:00+00:00,4426.4,4435.7,4420.3,4432.4
2026-08-13 09:00:00+00:00,4432.3,4441.9,4428.6,4441.8
2026-08-13 10:00:00+00:00,4441.9,4451.5,4438.8,4449.9
2026-08-13 11:00:00+00:00,4449.6,4454.2,4439.6,4444.4
2026-08-13 12:00:00+00:00,4444.5,4460.0,4437.1,4458.9
2026-08-13 13:00:00+00:00,4458.5,4459.0,4427.1,4429.1
2026-08-13 14:00:00+00:00,4429.3,4444.7,4408.8,4440.9
2026-08-13 15:00:00+00:00,4441.2,4443.1,4413.6,4422.4
2026-08-13 16:00:00+00:00,4422.3,4425.6,4407.5,4424.2
2026-08-13 17:00:00+00:00,4424.3,4430.6,4412.0,4412.4
2026-08-13 18:00:00+00:00,4412.6,4420.5,4411.4,4413.6
2026-08-13 19:00:00+00:00,4414.0,4415.5,4400.0,4406.2
2026-08-13 20:00:00+00:00,4406.2,4408.4,4402.9,4407.1
2026-08-13 22:00:00+00:00,4408.2,4418.4,4406.6,4410.3
2026-08-13 23:00:00+00:00,4411.5,4419.4,4405.1,4411.8
2026-08-14 00:00:00+00:00,4411.6,4417.4,4385.1,4396.4
2026-08-14 01:00:00+00:00,4396.2,4397.1,4367.5,4373.7
2026-08-14 02:00:00+00:00,4373.7,4378.0,4365.5,4370.7
2026-08-14 03:00:00+00:00,4370.7,4383.8,4368.9,4379.6
2026-08-14 04:00:00+00:00,4379.2,4384.6,4378.3,4382.0
2026-08-14 05:00:00+00:00,4382.2,4389.5,4365.6,4389.5
2026-08-14 06:00:00+00:00,4389.6,4392.6,4383.6,4391.6
2026-08-14 07:00:00+00:00,4391.4,4401.6,4385.7,4399.8
2026-08-14 08:00:00+00:00,4399.8,4405.7,4398.1,4404.7
2026-08-14 09:00:00+00:00,4404.5,4413.8,4402.0,4413.6
2026-08-14 10:00:00+00:00,4413.6,4415.1,4403.7,4405.5
2026-08-14 11:00:00+00:00,4405.5,4426.0,4404.7,4425.8
2026-08-14 12:00:00+00:00,4425.5,4444.0,4421.8,4430.9
2026-08-14 13:00:00+00:00,4430.7,4454.6,4427.3,4442.0
2026-08-14 14:00:00+00:00,4441.6,4452.2,4436.2,4438.6
2026-08-14 15:00:00+00:00,4438.7,4452.3,4436.4,4449.0
2026-08-14 16:00:00+00:00,4449.0,4454.3,4437.2,4442.7
2026-08-14 17:00:00+00:00,4443.0,4443.4,4433.6,4435.5
2026-08-14 18:00:00+00:00,4435.9,4439.6,4427.5,4430.3
2026-08-14 19:00:00+00:00,4430.3,4435.6,4428.6,4431.5
2026-08-14 20:00:00+00:00,4431.4,4432.4,4426.9,4432.1
2026-08-14 21:00:00+00:00,4432.0,4437.3,4432.0,4437.3
2026-08-16 22:00:00+00:00,4433.7,4442.5,4429.3,4441.6
2026-08-16 23:00:00+00:00,4441.8,4441.9,4422.3,4425.5
2026-08-17 00:00:00+00:00,4426.0,4459.4,4423.5,4457.3
2026-08-17 01:00:00+00:00,4457.1,4473.2,4448.6,4452.0
2026-08-17 02:00:00+00:00,4451.9,4454.7,4444.9,4449.8
2026-08-17 03:00:00+00:00,4450.2,4453.8,4444.5,4453.7
2026-08-17 04:00:00+00:00,4453.5,4456.3,4445.5,4447.1
2026-08-17 05:00:00+00:00,4447.3,4457.7,4443.4,4451.3
2026-08-17 06:00:00+00:00,4451.6,4460.7,4449.1,4459.3
2026-08-17 07:00:00+00:00,4459.0,4467.9,4452.2,4461.5
2026-08-17 08:00:00+00:00,4461.8,4461.8,4448.8,4451.1
2026-08-17 09:00:00+00:00,4451.3,4457.0,4449.2,4452.4
2026-08-17 10:00:00+00:00,4452.4,4462.6,4445.7,4455.8
2026-08-17 11:00:00+00:00,4455.9,4461.8,4451.8,4453.4
2026-08-17 12:00:00+00:00,4453.1,4455.4,4433.4,4441.4
2026-08-17 13:00:00+00:00,4441.7,4473.0,4438.1,4465.3
2026-08-17 14:00:00+00:00,4465.3,4484.9,4460.4,4474.5
2026-08-17 15:00:00+00:00,4474.6,4485.3,4471.8,4484.8
2026-08-17 16:00:00+00:00,4485.0,4486.5,4479.7,4481.5
2026-08-17 17:00:00+00:00,4481.7,4483.7,4468.2,4471.0
2026-08-17 18:00:00+00:00,4471.3,4474.0,4454.5,4463.1
2026-08-17 19:00:00+00:00,4462.9,4477.0,4456.6,4475.7
2026-08-17 20:00:00+00:00,4475.9,4477.5,4471.1,4473.1
2026-08-17 22:00:00+00:00,4473.4,4475.9,4466.5,4467.9
2026-08-17 23:00:00+00:00,4468.0,4482.1,4466.0,4482.0
2026-08-18 00:00:00+00:00,4482.3,4491.7,4475.0,4491.2
2026-08-18 01:00:00+00:00,4491.6,4493.1,4460.9,4464.6
2026-08-18 02:00:00+00:00,4464.6,4464.9,4450.0,4456.1
2026-08-18 03:00:00+00:00,4456.1,4460.5,4446.3,4448.1
2026-08-18 04:00:00+00:00,4447.4,4450.9,4444.0,4448.9
2026-08-18 05:00:00+00:00,4448.7,4453.2,4441.4,4450.2
2026-08-18 06:00:00+00:00,4449.4,4455.6,4443.2,4454.1
2026-08-18 07:00:00+00:00,4454.3,4459.5,4451.2,4451.2
2026-08-18 08:00:00+00:00,4451.6,4454.2,4442.4,4448.9
2026-08-18 09:00:00+00:00,4448.8,4451.3,4443.0,4449.7
2026-08-18 10:00:00+00:00,4449.7,4456.2,4446.1,4454.4
2026-08-18 11:00:00+00:00,4454.2,4455.8,4444.8,4452.3
2026-08-18 12:00:00+00:00,4452.6,4457.3,4445.8,4450.7
2026-08-18 13:00:00+00:00,4450.5,4463.0,4430.9,4451.0
2026-08-18 14:00:00+00:00,4450.5,4462.8,4419.1,4422.3
2026-08-18 15:00:00+00:00,4422.6,4434.1,4406.8,4420.2
2026-08-18 16:00:00+00:00,4420.3,4427.0,4417.8,4419.0
2026-08-18 17:00:00+00:00,4419.1,4423.8,4412.4,4413.2
2026-08-18 18:00:00+00:00,4413.6,4416.5,4407.9,4409.4
2026-08-18 19:00:00+00:00,4409.5,4413.7,4392.3,4400.0
2026-08-18 20:00:00+00:00,4400.1,4401.2,4383.3,4389.5
2026-08-18 22:00:00+00:00,4391.4,4395.3,4385.8,4386.8
2026-08-18 23:00:00+00:00,4387.2,4391.5,4379.6,4386.0
2026-08-19 00:00:00+00:00,4386.1,4401.0,4384.6,4391.8
2026-08-19 01:00:00+00:00,4391.5,4411.1,4378.0,4410.2
2026-08-19 02:00:00+00:00,4410.0,4415.8,4405.0,4408.5
2026-08-19 03:00:00+00:00,4408.4,4414.1,4405.3,4409.0
2026-08-19 04:00:00+00:00,4408.9,4409.6,4396.5,4401.8
2026-08-19 05:00:00+00:00,4401.7,4404.2,4388.2,4389.0
2026-08-19 06:00:00+00:00,4389.0,4403.1,4388.7,4402.8
2026-08-19 07:00:00+00:00,4402.8,4417.2,4401.1,4408.3
2026-08-19 08:00:00+00:00,4408.4,4417.2,4404.8,4409.7
2026-08-19 09:00:00+00:00,4409.7,4416.4,4407.4,4416.4
2026-08-19 10:00:00+00:00,4416.5,4424.1,4413.8,4422.2
2026-08-19 11:00:00+00:00,4422.4,4429.1,4417.7,4419.1
2026-08-19 12:00:00+00:00,4419.7,4499.8,4417.0,4496.3
2026-08-19 13:00:00+00:00,4496.3,4524.0,4480.8,4517.8
2026-08-19 14:00:00+00:00,4518.0,4557.6,4513.5,4546.8
2026-08-19 15:00:00+00:00,4547.0,4552.8,4536.5,4552.2
2026-08-19 16:00:00+00:00,4552.2,4557.5,4548.4,4551.0
2026-08-19 17:00:00+00:00,4551.0,4557.0,4541.9,4545.0
2026-08-19 18:00:00+00:00,4544.9,4556.0,4530.4,4553.3
2026-08-19 19:00:00+00:00,4553.3,4569.6,4552.3,4568.0
2026-08-19 20:00:00+00:00,4568.4,4582.8,4562.8,4580.7
2026-08-19 22:00:00+00:00,4580.0,4583.8,4573.5,4575.9
2026-08-19 23:00:00+00:00,4576.4,4581.2,4568.4,4569.2
2026-08-20 00:00:00+00:00,4568.7,4578.6,4560.2,4562.0
2026-08-20 01:00:00+00:00,4562.3,4567.9,4542.1,4547.4
2026-08-20 02:00:00+00:00,4547.3,4557.6,4546.1,4548.1
2026-08-20 03:00:00+00:00,4548.2,4558.8,4545.7,4555.7
2026-08-20 04:00:00+00:00,4556.4,4556.6,4543.4,4546.1
2026-08-20 05:00:00+00:00,4546.0,4551.4,4534.8,4538.5
2026-08-20 06:00:00+00:00,4538.6,4553.5,4537.2,4550.8
2026-08-20 07:00:00+00:00,4550.6,4552.7,4540.1,4547.6
2026-08-20 08:00:00+00:00,4547.9,4555.9,4543.9,4546.1
2026-08-20 09:00:00+00:00,4546.2,4551.0,4538.2,4538.9
2026-08-20 10:00:00+00:00,4539.1,4552.5,4537.0,4546.4
2026-08-20 11:00:00+00:00,4546.7,4547.9,4521.2,4523.1
2026-08-20 12:00:00+00:00,4523.3,4532.3,4506.0,4529.7
2026-08-20 13:00:00+00:00,4529.8,4544.4,4524.1,4537.0
2026-08-20 14:00:00+00:00,4536.8,4572.0,4535.8,4571.7
2026-08-20 15:00:00+00:00,4571.8,4597.1,4563.5,4577.3
2026-08-20 16:00:00+00:00,4577.5,4580.7,4559.2,4566.7
2026-08-20 17:00:00+00:00,4566.7,4576.9,4564.1,4576.0
2026-08-20 18:00:00+00:00,4576.0,4581.7,4564.7,4578.5
2026-08-20 19:00:00+00:00,4578.3,4588.0,4574.7,4584.9
2026-08-20 20:00:00+00:00,4584.5,4585.2,4573.0,4575.1
2026-08-20 22:00:00+00:00,4577.0,4580.2,4571.0,4580.2
2026-08-20 23:00:00+00:00,4579.9,4589.0,4577.1,4582.2
2026-08-21 00:00:00+00:00,4582.3,4583.7,4566.3,4567.2
2026-08-21 01:00:00+00:00,4567.2,4600.3,4565.5,4587.0
2026-08-21 02:00:00+00:00,4586.8,4599.2,4574.0,4590.0
2026-08-21 03:00:00+00:00,4590.0,4594.7,4582.6,4590.9
2026-08-21 04:00:00+00:00,4591.5,4604.4,4591.2,4596.8
2026-08-21 05:00:00+00:00,4596.4,4612.4,4585.4,4610.1
2026-08-21 06:00:00+00:00,4609.9,4624.7,4601.8,4617.9
2026-08-21 07:00:00+00:00,4617.8,4625.0,4615.4,4621.0
2026-08-21 08:00:00+00:00,4621.4,4642.0,4615.8,4641.0
2026-08-21 09:00:00+00:00,4641.1,4659.4,4637.6,4639.7
2026-08-21 10:00:00+00:00,4639.4,4651.6,4634.5,4645.8
2026-08-21 11:00:00+00:00,4645.5,4661.7,4644.3,4654.4
2026-08-21 12:00:00+00:00,4654.7,4659.1,4620.5,4634.7
2026-08-21 13:00:00+00:00,4634.6,4650.2,4630.0,4638.3
2026-08-21 14:00:00+00:00,4638.1,4660.2,4636.5,4648.1
2026-08-21 15:00:00+00:00,4648.5,4673.0,4644.1,4672.0
2026-08-21 16:00:00+00:00,4672.1,4687.2,4666.3,4686.6
2026-08-21 17:00:00+00:00,4686.7,4690.4,4673.4,4678.7
2026-08-21 18:00:00+00:00,4679.0,4686.1,4677.5,4681.8
2026-08-21 19:00:00+00:00,4682.1,4683.1,4673.0,4674.7
2026-08-21 20:00:00+00:00,4674.6,4680.6,4661.0,4680.6
2026-08-23 22:00:00+00:00,4675.4,4679.1,4663.0,4663.1
2026-08-23 23:00:00+00:00,4663.5,4682.0,4661.9,4681.6
2026-08-24 00:00:00+00:00,4681.6,4698.6,4651.8,4678.8
2026-08-24 01:00:00+00:00,4679.0,4694.3,4664.6,4688.6
2026-08-24 02:00:00+00:00,4688.7,4713.8,4684.3,4700.4
2026-08-24 03:00:00+00:00,4700.4,4707.0,4690.0,4698.2
2026-08-24 04:00:00+00:00,4698.2,4699.0,4688.9,4695.2
2026-08-24 05:00:00+00:00,4695.8,4702.5,4685.5,4697.3
2026-08-24 06:00:00+00:00,4697.5,4716.7,4695.8,4706.7
2026-08-24 07:00:00+00:00,4706.4,4711.0,4686.0,4697.4
2026-08-24 08:00:00+00:00,4697.8,4702.0,4684.2,4693.5
2026-08-24 09:00:00+00:00,4693.7,4702.7,4688.8,4702.4
2026-08-24 10:00:00+00:00,4702.4,4707.0,4698.6,4700.3
2026-08-24 11:00:00+00:00,4700.1,4728.3,4696.2,4715.0
2026-08-24 12:00:00+00:00,4715.2,4726.9,4702.0,4720.7
2026-08-24 13:00:00+00:00,4720.9,4738.5,4713.3,4721.8
2026-08-24 14:00:00+00:00,4721.5,4736.1,4712.0,4727.6
2026-08-24 15:00:00+00:00,4727.8,4737.0,4696.5,4706.0
2026-08-24 16:00:00+00:00,4706.0,4719.6,4697.9,4701.9
2026-08-24 17:00:00+00:00,4702.1,4712.7,4686.6,4693.3
2026-08-24 18:00:00+00:00,4693.0,4699.0,4681.2,4693.0
2026-08-24 19:00:00+00:00,4692.7,4712.1,4692.2,4707.5
2026-08-24 20:00:00+00:00,4707.9,4711.5,4703.4,4710.0
2026-08-24 22:00:00+00:00,4710.1,4725.6,4708.4,4724.5
2026-08-24 23:00:00+00:00,4724.6,4740.6,4723.0,4737.2
2026-08-25 00:00:00+00:00,4737.3,4755.0,4732.7,4741.0
2026-08-25 01:00:00+00:00,4740.8,4743.3,4713.2,4714.7
2026-08-25 02:00:00+00:00,4714.5,4718.3,4670.5,4685.5
2026-08-25 03:00:00+00:00,4685.7,4697.7,4678.1,4688.3
2026-08-25 04:00:00+00:00,4689.4,4693.5,4679.5,4681.1
2026-08-25 05:00:00+00:00,4681.3,4704.0,4679.3,4698.5
2026-08-25 06:00:00+00:00,4698.4,4709.6,4693.0,4694.6
2026-08-25 07:00:00+00:00,4695.0,4700.3,4685.8,4686.1
2026-08-25 08:00:00+00:00,4686.1,4702.0,4676.3,4685.7
2026-08-25 09:00:00+00:00,4685.7,4698.1,4679.5,4691.7
2026-08-25 10:00:00+00:00,4691.6,4698.2,4688.1,4695.0
2026-08-25 11:00:00+00:00,4694.8,4703.5,4691.9,4698.4
2026-08-25 12:00:00+00:00,4698.7,4699.6,4685.3,4695.7
2026-08-25 13:00:00+00:00,4696.3,4696.6,4659.5,4671.4
2026-08-25 14:00:00+00:00,4671.3,4696.0,4667.3,4691.6
2026-08-25 15:00:00+00:00,4691.8,4716.4,4685.1,4709.5
2026-08-25 16:00:00+00:00,4709.6,4710.2,4694.3,4700.8
2026-08-25 17:00:00+00:00,4700.6,4705.8,4691.3,4705.8
2026-08-25 18:00:00+00:00,4705.8,4711.8,4701.7,4711.4
2026-08-25 19:00:00+00:00,4711.4,4725.6,4710.4,4723.4
2026-08-25 20:00:00+00:00,4723.3,4726.0,4714.1,4715.9
2026-08-25 22:00:00+00:00,4715.7,4730.9,4712.1,4729.7
2026-08-25 23:00:00+00:00,4729.7,4730.6,4710.3,4712.1
2026-08-26 00:00:00+00:00,4711.9,4715.2,4691.1,4694.2
2026-08-26 01:00:00+00:00,4694.6,4717.7,4686.2,4713.8
2026-08-26 02:00:00+00:00,4713.6,4728.0,4711.6,4715.2
2026-08-26 03:00:00+00:00,4715.4,4715.9,4699.6,4701.1
2026-08-26 04:00:00+00:00,4699.8,4701.2,4695.7,4697.6
2026-08-26 05:00:00+00:00,4697.5,4706.3,4692.2,4696.3
2026-08-26 06:00:00+00:00,4696.2,4698.0,4681.1,4690.6
2026-08-26 07:00:00+00:00,4690.6,4695.7,4682.6,4685.1
2026-08-26 08:00:00+00:00,4684.9,4686.7,4677.3,4683.7
2026-08-26 09:00:00+00:00,4684.0,4687.0,4671.3,4679.5
2026-08-26 10:00:00+00:00,4679.6,4680.1,4668.8,4675.9
2026-08-26 11:00:00+00:00,4676.3,4681.0,4672.1,4680.3
2026-08-26 12:00:00+00:00,4680.6,4690.0,4666.0,4669.5
2026-08-26 13:00:00+00:00,4670.0,4687.0,4653.3,4686.6
2026-08-26 14:00:00+00:00,4686.7,4688.6,4658.0,4658.2
2026-08-26 15:00:00+00:00,4658.5,4664.6,4638.2,4651.4
2026-08-26 16:00:00+00:00,4651.6,4656.8,4640.8,4647.1
2026-08-26 17:00:00+00:00,4647.1,4657.6,4645.9,4653.2
2026-08-26 18:00:00+00:00,4653.1,4660.3,4647.5,4648.5
2026-08-26 19:00:00+00:00,4648.8,4656.3,4645.7,4648.9
2026-08-26 20:00:00+00:00,4649.0,4651.4,4638.6,4647.8
2026-08-26 22:00:00+00:00,4650.0,4667.7,4648.1,4663.3
2026-08-26 23:00:00+00:00,4663.2,4678.9,4660.9,4677.5
2026-08-27 00:00:00+00:00,4677.9,4681.0,4654.5,4659.2
2026-08-27 01:00:00+00:00,4658.9,4695.4,4656.2,4694.6
2026-08-27 02:00:00+00:00,4694.6,4697.7,4678.1,4683.7
2026-08-27 03:00:00+00:00,4683.8,4693.1,4678.8,4679.0
2026-08-27 04:00:00+00:00,4679.7,4681.8,4671.4,4673.0
2026-08-27 05:00:00+00:00,4673.3,4675.8,4655.0,4661.2
2026-08-27 06:00:00+00:00,4661.0,4665.7,4651.7,4654.3
2026-08-27 07:00:00+00:00,4654.3,4659.7,4647.2,4653.4
2026-08-27 08:00:00+00:00,4654.0,4660.5,4647.9,4652.3
2026-08-27 09:00:00+00:00,4652.3,4653.8,4631.0,4633.2
2026-08-27 10:00:00+00:00,4632.9,4643.6,4618.9,4643.0
2026-08-27 11:00:00+00:00,4643.1,4653.7,4640.2,4652.3
2026-08-27 12:00:00+00:00,4652.0,4654.7,4633.7,4639.3
2026-08-27 13:00:00+00:00,4639.2,4646.4,4616.0,4625.9
2026-08-27 14:00:00+00:00,4625.6,4652.0,4621.7,4645.1
2026-08-27 15:00:00+00:00,4645.0,4665.5,4642.7,4664.5
2026-08-27 16:00:00+00:00,4664.7,4670.9,4656.5,4669.3
2026-08-27 17:00:00+00:00,4669.2,4670.7,4659.1,4660.4
2026-08-27 18:00:00+00:00,4660.6,4665.2,4654.7,4664.3
2026-08-27 19:00:00+00:00,4664.7,4672.4,4658.3,4662.7
2026-08-27 20:00:00+00:00,4662.8,4663.6,4653.8,4654.8
2026-08-27 22:00:00+00:00,4656.0,4664.1,4653.9,4664.1
2026-08-27 23:00:00+00:00,4664.0,4664.8,4647.3,4647.6
2026-08-28 00:00:00+00:00,4647.8,4655.7,4638.5,4641.2
2026-08-28 01:00:00+00:00,4642.4,4655.4,4628.1,4628.9
2026-08-28 02:00:00+00:00,4628.6,4642.4,4628.0,4638.9
2026-08-28 03:00:00+00:00,4638.7,4642.3,4630.9,4631.4
2026-08-28 04:00:00+00:00,4632.3,4637.5,4630.0,4636.4
2026-08-28 05:00:00+00:00,4636.7,4638.6,4623.0,4625.5
2026-08-28 06:00:00+00:00,4625.7,4666.2,4624.5,4665.5
2026-08-28 07:00:00+00:00,4665.4,4667.4,4648.7,4665.0
2026-08-28 08:00:00+00:00,4664.9,4667.7,4654.3,4656.3
2026-08-28 09:00:00+00:00,4656.4,4661.4,4653.5,4658.7
2026-08-28 10:00:00+00:00,4658.8,4663.5,4650.3,4653.1
2026-08-28 11:00:00+00:00,4653.1,4654.2,4643.6,4645.6
2026-08-28 12:00:00+00:00,4645.6,4656.4,4641.2,4654.1
2026-08-28 13:00:00+00:00,4654.2,4680.8,4645.9,4657.5
2026-08-28 14:00:00+00:00,4657.4,4688.0,4580.2,4629.0
2026-08-28 15:00:00+00:00,4629.3,4636.1,4574.8,4575.7
2026-08-28 16:00:00+00:00,4575.9,4580.9,4515.3,4529.9
2026-08-28 17:00:00+00:00,4530.1,4537.2,4510.5,4519.7
2026-08-28 18:00:00+00:00,4519.7,4521.9,4495.0,4506.5
2026-08-28 19:00:00+00:00,4506.5,4517.2,4502.3,4507.9
2026-08-28 20:00:00+00:00,4507.9,4529.9,4502.7,4529.9
2026-08-30 22:00:00+00:00,4506.3,4515.9,4502.2,4510.9
2026-08-30 23:00:00+00:00,4510.8,4516.6,4485.2,4507.8
2026-08-31 00:00:00+00:00,4507.8,4521.5,4501.4,4505.7
2026-08-31 01:00:00+00:00,4505.8,4512.4,4485.0,4489.6
2026-08-31 02:00:00+00:00,4489.1,4490.7,4445.6,4472.3
2026-08-31 03:00:00+00:00,4472.3,4483.6,4469.5,4472.0
2026-08-31 04:00:00+00:00,4472.3,4475.0,4462.5,4474.6
2026-08-31 05:00:00+00:00,4474.6,4493.5,4469.2,4492.7
2026-08-31 06:00:00+00:00,4492.7,4493.0,4478.9,4489.4
2026-08-31 07:00:00+00:00,4489.2,4498.5,4485.0,4493.3
2026-08-31 08:00:00+00:00,4493.3,4499.7,4483.9,4485.6
2026-08-31 09:00:00+00:00,4485.8,4496.0,4485.7,4496.0
2026-08-31 10:00:00+00:00,4495.9,4506.7,4495.2,4504.5
2026-08-31 11:00:00+00:00,4504.6,4514.9,4503.1,4506.2
2026-08-31 12:00:00+00:00,4506.1,4511.9,4486.5,4486.9
2026-08-31 13:00:00+00:00,4486.7,4499.5,4466.4,4469.1
2026-08-31 14:00:00+00:00,4469.3,4487.2,4466.7,4481.7
2026-08-31 15:00:00+00:00,4481.7,4487.9,4474.3,4475.5
2026-08-31 16:00:00+00:00,4475.9,4490.3,4473.0,4482.6
2026-08-31 17:00:00+00:00,4482.8,4489.7,4477.8,4485.6
2026-08-31 18:00:00+00:00,4486.0,4486.1,4475.5,4480.3
2026-08-31 19:00:00+00:00,4480.7,4502.7,4478.4,4502.0
2026-08-31 20:00:00+00:00,4502.3,4504.9,4495.9,4497.3
2026-08-31 22:00:00+00:00,4498.7,4504.8,4494.3,4495.5
2026-08-31 23:00:00+00:00,4495.8,4501.0,4490.3,4501.0
2026-09-01 00:00:00+00:00,4501.3,4510.5,4495.0,4502.7
2026-09-01 01:00:00+00:00,4502.6,4505.9,4485.2,4493.1
2026-09-01 02:00:00+00:00,4492.9,4498.2,4477.1,4492.4
2026-09-01 03:00:00+00:00,4492.7,4493.5,4480.9,4487.0
2026-09-01 04:00:00+00:00,4485.7,4486.7,4473.9,4475.2
2026-09-01 05:00:00+00:00,4475.4,4494.7,4471.9,4489.0
2026-09-01 06:00:00+00:00,4488.5,4489.1,4476.3,4478.0
2026-09-01 07:00:00+00:00,4478.1,4483.6,4460.5,4468.7
2026-09-01 08:00:00+00:00,4468.6,4468.6,4417.9,4419.4
2026-09-01 09:00:00+00:00,4419.4,4426.6,4413.0,4413.7
2026-09-01 10:00:00+00:00,4413.7,4434.6,4413.0,4426.9
2026-09-01 11:00:00+00:00,4427.0,4435.7,4420.5,4422.9
2026-09-01 12:00:00+00:00,4423.0,4424.9,4400.4,4404.7
2026-09-01 13:00:00+00:00,4404.6,4415.9,4374.1,4413.9
2026-09-01 14:00:00+00:00,4414.2,4424.3,4401.5,4408.8
2026-09-01 15:00:00+00:00,4409.1,4422.7,4403.4,4421.7
2026-09-01 16:00:00+00:00,4421.6,4423.3,4395.4,4399.6
2026-09-01 17:00:00+00:00,4399.8,4400.3,4389.0,4391.1
2026-09-01 18:00:00+00:00,4391.3,4392.7,4375.6,4379.4
2026-09-01 19:00:00+00:00,4379.1,4385.2,4369.7,4374.0
2026-09-01 20:00:00+00:00,4374.1,4377.9,4370.7,4375.7
2026-09-01 22:00:00+00:00,4377.2,4381.0,4372.7,4375.7
2026-09-01 23:00:00+00:00,4375.7,4382.0,4367.7,4370.6
2026-09-02 00:00:00+00:00,4370.7,4380.9,4360.7,4362.5
2026-09-02 01:00:00+00:00,4362.1,4373.5,4333.9,4338.1
2026-09-02 02:00:00+00:00,4337.8,4362.1,4334.6,4350.0
2026-09-02 03:00:00+00:00,4350.0,4351.4,4329.2,4348.8
2026-09-02 04:00:00+00:00,4349.9,4354.4,4347.8,4353.7
2026-09-02 05:00:00+00:00,4353.9,4373.1,4350.0,4366.7
2026-09-02 06:00:00+00:00,4366.8,4375.9,4361.2,4368.3
2026-09-02 07:00:00+00:00,4368.4,4377.8,4365.8,4369.8
2026-09-02 08:00:00+00:00,4370.1,4378.4,4359.1,4359.6
2026-09-02 09:00:00+00:00,4359.6,4369.2,4352.3,4355.9
2026-09-02 10:00:00+00:00,4355.9,4359.8,4349.1,4356.6
2026-09-02 11:00:00+00:00,4356.3,4380.2,4354.9,4379.6
2026-09-02 12:00:00+00:00,4379.5,4391.4,4374.4,4378.3
2026-09-02 13:00:00+00:00,4378.3,4433.5,4377.5,4433.0
2026-09-02 14:00:00+00:00,4432.9,4444.4,4421.4,4424.2
2026-09-02 15:00:00+00:00,4424.1,4427.8,4411.4,4419.9
2026-09-02 16:00:00+00:00,4419.7,4421.7,4411.1,4415.1
2026-09-02 17:00:00+00:00,4415.2,4427.4,4411.2,4423.4
2026-09-02 18:00:00+00:00,4423.7,4426.3,4415.9,4420.3
2026-09-02 19:00:00+00:00,4420.8,4437.9,4418.3,4437.7
2026-09-02 20:00:00+00:00,4437.4,4438.2,4430.6,4434.3
2026-09-02 22:00:00+00:00,4436.4,4438.1,4428.4,4429.8
2026-09-02 23:00:00+00:00,4430.2,4434.4,4426.7,4431.0
2026-09-03 00:00:00+00:00,4431.2,4442.9,4427.8,4440.5
2026-09-03 01:00:00+00:00,4440.8,4457.6,4432.2,4455.0
2026-09-03 02:00:00+00:00,4455.2,4466.2,4452.2,4466.0
2026-09-03 03:00:00+00:00,4466.0,4478.2,4464.9,4477.1
2026-09-03 04:00:00+00:00,4477.3,4483.9,4470.8,4483.0
2026-09-03 05:00:00+00:00,4483.1,4486.0,4468.2,4477.0
2026-09-03 06:00:00+00:00,4477.0,4482.2,4462.8,4466.4
2026-09-03 07:00:00+00:00,4466.0,4477.5,4464.6,4474.7
2026-09-03 08:00:00+00:00,4474.5,4490.0,4473.6,4481.1
2026-09-03 09:00:00+00:00,4481.3,4488.2,4472.0,4473.9
2026-09-03 10:00:00+00:00,4474.1,4476.1,4464.9,4473.2
2026-09-03 11:00:00+00:00,4473.1,4493.4,4471.1,4490.2
2026-09-03 12:00:00+00:00,4490.0,4542.6,4484.1,4540.9
2026-09-03 13:00:00+00:00,4540.9,4543.7,4502.8,4517.1
2026-09-03 14:00:00+00:00,4517.1,4531.9,4502.9,4531.9
2026-09-03 15:00:00+00:00,4532.0,4558.5,4530.9,4540.8
2026-09-03 16:00:00+00:00,4540.7,4543.4,4533.0,4533.7
2026-09-03 17:00:00+00:00,4533.9,4542.0,4530.6,4535.7
2026-09-03 18:00:00+00:00,4534.6,4537.1,4521.2,4522.9
2026-09-03 19:00:00+00:00,4522.8,4528.7,4520.3,4522.9
2026-09-03 20:00:00+00:00,4522.7,4523.3,4517.7,4520.0
2026-09-03 21:00:00+00:00,4520.3,4520.3,4520.3,4520.3
2026-09-03 22:00:00+00:00,4522.0,4526.3,4518.5,4521.6
2026-09-03 23:00:00+00:00,4521.5,4527.2,4519.0,4526.9
2026-09-04 00:00:00+00:00,4527.0,4533.5,4519.3,4532.9
2026-09-04 01:00:00+00:00,4532.6,4533.6,4513.0,4525.2
2026-09-04 02:00:00+00:00,4525.3,4528.9,4516.3,4523.8
2026-09-04 03:00:00+00:00,4523.5,4525.0,4513.6,4513.8
2026-09-04 04:00:00+00:00,4513.1,4521.5,4511.6,4520.4
2026-09-04 05:00:00+00:00,4520.3,4523.9,4512.8,4518.2
2026-09-04 06:00:00+00:00,4518.1,4519.5,4506.6,4509.5
2026-09-04 07:00:00+00:00,4509.3,4537.8,4508.0,4530.3
2026-09-04 08:00:00+00:00,4530.4,4533.6,4521.0,4524.3
2026-09-04 09:00:00+00:00,4524.5,4525.7,4510.0,4511.8
2026-09-04 10:00:00+00:00,4511.7,4523.1,4511.6,4518.9
2026-09-04 11:00:00+00:00,4519.2,4519.3,4510.9,4513.1
2026-09-04 12:00:00+00:00,4513.3,4523.5,4419.0,4440.6
2026-09-04 13:00:00+00:00,4440.9,4481.8,4412.0,4459.9
2026-09-04 14:00:00+00:00,4460.0,4489.4,4458.8,4474.3
2026-09-04 15:00:00+00:00,4474.4,4496.2,4469.5,4483.3
2026-09-04 16:00:00+00:00,4483.8,4491.0,4479.5,4483.6
2026-09-04 17:00:00+00:00,4483.5,4488.0,4461.1,4464.0
2026-09-04 18:00:00+00:00,4464.7,4474.5,4459.0,4471.3
2026-09-04 19:00:00+00:00,4471.6,4485.6,4470.0,4482.0
2026-09-04 20:00:00+00:00,4481.8,4482.3,4475.6,4477.2
